ProcessID	Data (Bytes)	Times Seconds
8842	255	0.000192
9438	255	0.000214
8587	255	0.000233
9462	255	0.000258
9622	255	0.000268
8750	255	0.00031
8596	255	0.000371
8588	255	0.000383
8594	255	0.000471
8592	255	0.000541
8632	255	0.000641
8595	255	0.000673
8613	255	0.000675
9470	255	0.000681
8603	255	0.000794
8593	255	0.00084
8633	255	0.000909
8615	255	0.001013
8980	255	0.001121
8609	255	0.001173
9488	255	0.001238
8589	255	0.001388
8797	255	0.001437
8612	255	0.001521
8839	255	0.001579
8591	255	0.001669
8611	255	0.00175
8598	255	0.001874
8590	255	0.001881
9013	255	0.001988
8597	255	0.003964
8634	255	0.005361
8635	255	0.010151
8638	255	0.011575
8608	255	0.013212
8606	255	0.013655
8605	255	0.015851
8646	255	0.029012
9154	255	0.078896
9132	255	0.07897
9148	255	0.079783
8637	255	0.080687
9184	255	0.086219
9192	255	0.088179
9617	255	0.088496
9599	255	0.088518
8968	255	0.088693
9020	255	0.089149
8636	255	0.091101
9807	255	0.092358
9846	255	0.093015
9837	255	0.093131
9839	255	0.093245
9490	255	0.093273
9841	255	0.093295
9845	255	0.093367
9499	255	0.093465
9854	255	0.0935
9434	255	0.093526
9864	255	0.093846
9548	255	0.094115
8607	255	0.094342
9914	255	0.097356
9915	255	0.097424
9969	255	0.097731
9943	255	0.097969
10233	255	0.107903
10240	255	0.109918
10296	255	0.110838
10281	255	0.113192
9450	255	0.120821
9477	255	0.121273
9480	255	0.121337
9484	255	0.121469
9486	255	0.121515
9492	255	0.121628
9495	255	0.12168
9504	255	0.122024
9521	255	0.122511
9522	255	0.122682
9557	255	0.123447
9587	255	0.124314
9104	255	0.125916
9753	255	0.133202
9982	255	0.134307
9979	255	0.134348
9960	255	0.13482
9926	255	0.134848
10054	255	0.140581
10418	255	0.14117
10061	255	0.14182
10065	255	0.1426
10143	255	0.14488
10148	255	0.145006
8996	255	0.153439
9136	255	0.153803
9320	255	0.155013
9230	255	0.155081
9140	255	0.155099
9161	255	0.155222
9519	255	0.159196
9273	255	0.160085
9280	255	0.160781
10293	255	0.1647
10242	255	0.164733
10402	255	0.165848
10434	255	0.166377
10420	255	0.166548
10347	255	0.168861
10449	255	0.169068
10394	255	0.171361
10451	255	0.173577
10194	255	0.173701
10208	255	0.174135
10413	255	0.174599
10435	255	0.174776
10486	255	0.17501
10279	255	0.175043
10152	255	0.175575
10172	255	0.175784
10158	255	0.175873
10159	255	0.176079
10187	255	0.176282
9270	255	0.179966
9990	255	0.18012
9289	255	0.180166
9313	255	0.181935
9316	255	0.182073
9318	255	0.182201
10209	255	0.182208
10230	255	0.182295
10214	255	0.182326
10232	255	0.182434
10219	255	0.182459
9325	255	0.182465
10221	255	0.182513
10226	255	0.182588
10241	255	0.182635
10224	255	0.182648
10237	255	0.182758
8821	255	0.182821
10257	255	0.182846
10255	255	0.182955
10239	255	0.18302
9750	255	0.183671
9758	255	0.18405
9051	255	0.184434
9109	255	0.184721
9110	255	0.184722
10244	255	0.184973
10266	255	0.184982
10245	255	0.185007
10271	255	0.185059
10243	255	0.185091
10249	255	0.185102
10254	255	0.185168
10274	255	0.185221
10256	255	0.185266
10280	255	0.18527
10283	255	0.185293
8878	255	0.18532
10263	255	0.185363
10269	255	0.185395
10262	255	0.185406
10260	255	0.185433
10247	255	0.185512
8813	255	0.185538
10267	255	0.185546
10270	255	0.185598
10278	255	0.185753
10648	255	0.186645
10696	255	0.186649
9884	255	0.188094
9887	255	0.188127
9935	255	0.188842
9934	255	0.188902
9937	255	0.188929
9977	255	0.18974
9970	255	0.190116
9972	255	0.190213
9976	255	0.190253
10557	255	0.197502
10594	255	0.197624
10551	255	0.197881
10592	255	0.198059
10545	255	0.19831
10532	255	0.19851
10564	255	0.198556
10548	255	0.198863
10535	255	0.199032
10546	255	0.199319
10560	255	0.199465
10544	255	0.200482
9134	255	0.206664
9133	255	0.206803
8897	255	0.208734
8918	255	0.20937
9436	255	0.210468
9437	255	0.210619
9395	255	0.211517
10305	255	0.211946
10329	255	0.212009
10343	255	0.212091
10115	255	0.212334
10338	255	0.212437
8977	255	0.212442
10047	255	0.212538
10120	255	0.21263
10048	255	0.212769
10079	255	0.213107
9008	255	0.213129
10125	255	0.213222
10055	255	0.213348
9040	255	0.213385
9372	255	0.213441
10074	255	0.213444
9361	255	0.213503
10073	255	0.213503
9422	255	0.213547
9426	255	0.213591
9017	255	0.213615
10056	255	0.213654
9468	255	0.213971
10057	255	0.214
10715	255	0.214058
9485	255	0.21412
10058	255	0.214145
10722	255	0.21415
9444	255	0.21419
10725	255	0.214206
10727	255	0.21431
9445	255	0.214317
9510	255	0.214457
9539	255	0.214521
10068	255	0.214708
9549	255	0.214729
9542	255	0.214808
9560	255	0.214846
9558	255	0.214861
10756	255	0.214917
9570	255	0.214962
10759	255	0.214976
10069	255	0.215009
9572	255	0.215022
10770	255	0.215042
10361	255	0.215047
10066	255	0.215055
10760	255	0.215092
10763	255	0.215149
10139	255	0.21516
10752	255	0.215273
10062	255	0.215284
10131	255	0.215284
10762	255	0.215381
10134	255	0.2154
10753	255	0.215417
10136	255	0.215429
10742	255	0.215469
10133	255	0.215485
10769	255	0.215548
10147	255	0.215586
10063	255	0.2157
8841	255	0.215747
8823	255	0.215805
10788	255	0.21593
8852	255	0.216092
8882	255	0.216148
8843	255	0.216358
10772	255	0.216376
10138	255	0.216386
10155	255	0.216534
10744	255	0.216541
10732	255	0.216559
10395	255	0.216608
8851	255	0.216622
10142	255	0.216636
10682	255	0.216704
10421	255	0.216744
10720	255	0.216779
10145	255	0.216892
8844	255	0.217209
8787	255	0.217494
8850	255	0.217498
10200	255	0.21795
10202	255	0.21796
10189	255	0.217976
8817	255	0.218149
10229	255	0.218956
10231	255	0.218977
9615	255	0.221241
9705	255	0.221481
9749	255	0.221633
9706	255	0.223451
9708	255	0.22364
9666	255	0.223829
9738	255	0.224705
9672	255	0.224857
9920	255	0.226042
9918	255	0.226054
9936	255	0.226581
9931	255	0.226653
8648	255	0.227117
9940	255	0.227188
9158	255	0.230828
9169	255	0.232723
8641	255	0.236734
9171	255	0.238791
9167	255	0.238841
9181	255	0.239219
9180	255	0.239269
10261	255	0.23928
10246	255	0.239472
10264	255	0.239477
10312	255	0.239742
9190	255	0.239746
9194	255	0.239762
9199	255	0.239827
10289	255	0.239906
10258	255	0.239917
10288	255	0.239927
10298	255	0.239948
10291	255	0.239972
10284	255	0.239995
10292	255	0.240082
9213	255	0.240244
10282	255	0.240322
9214	255	0.24038
9221	255	0.24048
9117	255	0.240619
8967	255	0.241027
10429	255	0.241836
10432	255	0.242198
10407	255	0.242213
10443	255	0.242389
10424	255	0.242407
10422	255	0.242817
9248	255	0.243094
9259	255	0.243199
9255	255	0.243403
10425	255	0.243609
10441	255	0.244458
10437	255	0.244461
10447	255	0.244573
10890	255	0.244877
10458	255	0.244897
10512	255	0.245058
10837	255	0.245171
10462	255	0.245362
10848	255	0.245775
10569	255	0.246036
10397	255	0.246094
10455	255	0.2466
10146	255	0.247065
8602	255	0.247503
10164	255	0.247771
10150	255	0.247783
10153	255	0.247857
10170	255	0.247963
10163	255	0.248301
10165	255	0.248318
10181	255	0.248401
10178	255	0.248407
10183	255	0.248509
10171	255	0.248593
10169	255	0.248603
10173	255	0.248677
10185	255	0.248693
10175	255	0.248733
10179	255	0.248837
10180	255	0.248942
8601	255	0.249016
10182	255	0.249017
10188	255	0.249084
10190	255	0.249173
10002	255	0.249262
10192	255	0.249268
10195	255	0.249345
10212	255	0.249364
10294	255	0.249458
8630	255	0.249496
10295	255	0.249542
10203	255	0.249544
10276	255	0.249552
10218	255	0.249572
10297	255	0.249575
10228	255	0.249642
10220	255	0.249644
10238	255	0.249647
10234	255	0.24972
10310	255	0.249738
10211	255	0.249751
10236	255	0.249777
10235	255	0.249796
10482	255	0.250117
10412	255	0.250789
10487	255	0.250964
10470	255	0.251006
10488	255	0.251047
10463	255	0.251145
10439	255	0.25116
10491	255	0.251319
10480	255	0.251386
9126	255	0.254515
9131	255	0.254592
9129	255	0.25475
10479	255	0.271737
10514	255	0.271888
10499	255	0.271916
9927	255	0.271996
9911	255	0.27206
9956	255	0.272121
9944	255	0.272177
9905	255	0.272231
10478	255	0.272398
10527	255	0.272429
10599	255	0.27255
10528	255	0.272578
10530	255	0.272653
9958	255	0.272893
10526	255	0.272985
9959	255	0.273023
9953	255	0.27337
9964	255	0.273704
9999	255	0.27412
8772	255	0.274123
10531	255	0.274177
10121	255	0.274318
8774	255	0.274389
8845	255	0.274581
10543	255	0.274629
10909	255	0.274825
10583	255	0.275158
8801	255	0.275223
9563	255	0.275232
8840	255	0.275272
8692	255	0.275273
10554	255	0.275375
8763	255	0.275458
10573	255	0.275477
8693	255	0.275495
8618	255	0.275496
8799	255	0.275525
8837	255	0.275559
10565	255	0.275577
8716	255	0.27558
10915	255	0.275822
10606	255	0.275958
10948	255	0.276006
10954	255	0.276007
8846	255	0.27609
10553	255	0.276302
10608	255	0.276324
9589	255	0.276574
9591	255	0.276634
8677	255	0.276644
9598	255	0.276693
9595	255	0.276709
10939	255	0.276731
9600	255	0.276763
9593	255	0.276832
10610	255	0.27685
9603	255	0.276879
10541	255	0.27693
9115	255	0.276977
10604	255	0.277001
10965	255	0.277021
9114	255	0.277573
8771	255	0.277683
9424	255	0.278794
9112	255	0.279468
9481	255	0.279786
9483	255	0.27982
9527	255	0.279861
9482	255	0.279919
9562	255	0.280018
9529	255	0.280133
9588	255	0.280365
8865	255	0.280393
8934	255	0.280453
10674	255	0.281271
10669	255	0.281481
9875	255	0.281501
10677	255	0.281885
10689	255	0.282327
10686	255	0.282464
10699	255	0.282479
10704	255	0.282523
10694	255	0.282597
10703	255	0.282602
10645	255	0.282622
10695	255	0.282712
10646	255	0.282823
10698	255	0.283274
9016	255	0.300043
9623	255	0.30064
9726	255	0.301334
9743	255	0.301396
8667	255	0.302728
8973	255	0.303243
10934	255	0.303309
9756	255	0.3034
9768	255	0.303434
9771	255	0.303483
10824	255	0.303507
11014	255	0.303648
11008	255	0.303671
8666	255	0.303722
8652	255	0.303853
9810	255	0.303863
9824	255	0.303971
9825	255	0.304021
9829	255	0.304065
9820	255	0.304168
8658	255	0.304192
11052	255	0.304831
8984	255	0.304968
10650	255	0.306365
10710	255	0.309371
9262	255	0.309569
8773	255	0.309705
10781	255	0.309728
10780	255	0.309808
10785	255	0.309892
10793	255	0.30991
9269	255	0.309945
10684	255	0.309998
10797	255	0.310016
9267	255	0.310032
10748	255	0.310093
10801	255	0.310096
10799	255	0.310115
10717	255	0.310142
10789	255	0.310267
10755	255	0.310272
10476	255	0.310278
10764	255	0.310309
10719	255	0.310389
9277	255	0.310425
10739	255	0.310457
10740	255	0.310541
10746	255	0.310585
9284	255	0.31094
10775	255	0.310957
10776	255	0.310981
10778	255	0.311042
10773	255	0.31191
10765	255	0.311993
10736	255	0.312207
10726	255	0.312397
9285	255	0.312874
9257	255	0.313287
8966	255	0.313842
9012	255	0.313895
11090	255	0.33182
9276	255	0.33254
9286	255	0.332723
9244	255	0.332759
9292	255	0.332947
9288	255	0.332971
11204	255	0.334218
11209	255	0.334242
11211	255	0.334312
9312	255	0.334634
11126	255	0.334722
9310	255	0.334787
9321	255	0.334874
9306	255	0.334933
9326	255	0.334998
9330	255	0.335162
9416	255	0.33531
9471	255	0.3355
9472	255	0.33551
9473	255	0.33562
9474	255	0.335693
9475	255	0.335696
9478	255	0.335743
9476	255	0.335846
9494	255	0.335974
9493	255	0.336144
9491	255	0.336179
9500	255	0.336443
9506	255	0.336558
9513	255	0.336586
9511	255	0.336592
9502	255	0.336651
9514	255	0.336779
9515	255	0.336793
9512	255	0.336795
9516	255	0.336919
9520	255	0.337087
9533	255	0.337129
10806	255	0.337305
9538	255	0.337324
9532	255	0.337399
10819	255	0.337516
10794	255	0.337592
9545	255	0.337643
10809	255	0.33775
10825	255	0.337753
9550	255	0.337782
9559	255	0.337803
10818	255	0.33787
9561	255	0.337955
10832	255	0.338208
10860	255	0.338233
10843	255	0.338254
10803	255	0.338348
10836	255	0.338349
10840	255	0.338434
10846	255	0.338558
10831	255	0.338608
10851	255	0.338804
10894	255	0.338806
10849	255	0.338906
10850	255	0.340295
10009	255	0.348806
10012	255	0.348864
9995	255	0.348955
10018	255	0.348973
10013	255	0.34923
10006	255	0.350071
10341	255	0.355217
10378	255	0.35533
11165	255	0.363363
11187	255	0.36403
10207	255	0.364126
10223	255	0.364206
10225	255	0.364395
11179	255	0.364464
10216	255	0.364553
10213	255	0.364684
10250	255	0.3648
10222	255	0.364958
11321	255	0.36574
10248	255	0.36735
10253	255	0.367382
9590	255	0.367516
10285	255	0.367528
9602	255	0.367564
9604	255	0.367617
9597	255	0.367781
10952	255	0.367835
10304	255	0.368214
10944	255	0.368288
10940	255	0.36831
10953	255	0.368342
10964	255	0.368525
10826	255	0.368579
10308	255	0.368607
9168	255	0.368679
9143	255	0.368804
10942	255	0.368852
9127	255	0.3689
10923	255	0.368947
10955	255	0.369285
10416	255	0.369926
10423	255	0.370011
10912	255	0.37046
9891	255	0.37141
9907	255	0.371586
9921	255	0.371631
9906	255	0.371633
9904	255	0.371658
9922	255	0.371658
9923	255	0.371677
9908	255	0.371704
9903	255	0.371737
9912	255	0.371918
9947	255	0.371942
9951	255	0.371953
10366	255	0.372061
9932	255	0.372087
10356	255	0.372119
10364	255	0.372129
10360	255	0.372154
10392	255	0.372172
10358	255	0.37219
10371	255	0.372194
9888	255	0.372202
10369	255	0.37221
10373	255	0.372262
10374	255	0.372331
10336	255	0.372352
10386	255	0.372364
10391	255	0.372401
9941	255	0.372422
10379	255	0.372445
9945	255	0.372472
10344	255	0.372502
9910	255	0.372529
9928	255	0.372556
10383	255	0.37258
10337	255	0.372642
10404	255	0.372658
10409	255	0.372679
10380	255	0.372693
9878	255	0.372697
9881	255	0.37274
10388	255	0.372769
9955	255	0.372796
9957	255	0.372879
9962	255	0.3729
9883	255	0.372951
9966	255	0.372957
9889	255	0.373028
9963	255	0.373102
9893	255	0.373104
9885	255	0.373136
9984	255	0.37322
9895	255	0.373294
9896	255	0.373337
9897	255	0.373398
9901	255	0.373458
9899	255	0.373518
9900	255	0.373532
9731	255	0.373565
9714	255	0.373618
9716	255	0.373652
9712	255	0.373697
10003	255	0.373705
9729	255	0.373714
9715	255	0.373735
9727	255	0.373788
9719	255	0.373815
9723	255	0.373823
9641	255	0.373862
9788	255	0.3742
9770	255	0.374237
9804	255	0.37429
9767	255	0.374547
9779	255	0.374615
9780	255	0.374699
9775	255	0.37489
9866	255	0.375024
9865	255	0.375042
9853	255	0.375053
9868	255	0.375083
9640	255	0.375192
9873	255	0.375206
9877	255	0.375227
9880	255	0.375276
9882	255	0.375399
10020	255	0.384335
10016	255	0.384454
11288	255	0.39272
11243	255	0.392847
10326	255	0.393834
10307	255	0.393939
10303	255	0.394261
10333	255	0.39443
10351	255	0.394475
10309	255	0.394575
10327	255	0.394607
10335	255	0.394651
10353	255	0.394669
10046	255	0.394699
10117	255	0.394813
10315	255	0.394878
10049	255	0.394883
10116	255	0.394938
10400	255	0.394975
10124	255	0.395058
9746	255	0.395122
10051	255	0.39514
10052	255	0.395145
10405	255	0.395151
9676	255	0.39517
10317	255	0.395196
10410	255	0.395233
10427	255	0.395255
10322	255	0.395275
10408	255	0.395286
10126	255	0.395291
9748	255	0.395319
9643	255	0.39533
10053	255	0.395363
10355	255	0.395373
10430	255	0.39541
10357	255	0.395511
10075	255	0.395604
9638	255	0.395669
9760	255	0.395699
10419	255	0.395707
11244	255	0.395786
9827	255	0.395805
9759	255	0.395816
9764	255	0.395818
9639	255	0.395867
10929	255	0.395939
11003	255	0.395986
10968	255	0.395997
10059	255	0.396075
10331	255	0.396078
9874	255	0.396079
10311	255	0.39613
10433	255	0.396137
10071	255	0.396233
10359	255	0.396511
10072	255	0.396548
10403	255	0.396569
10325	255	0.396572
10332	255	0.396592
10330	255	0.39666
9066	255	0.396705
10070	255	0.396805
10060	255	0.396897
11046	255	0.397227
10008	255	0.39735
11053	255	0.397356
10130	255	0.397419
10132	255	0.397522
11083	255	0.397524
10067	255	0.397535
11058	255	0.397623
11077	255	0.397652
10137	255	0.39771
10141	255	0.397711
11065	255	0.397785
10129	255	0.39779
11067	255	0.397861
9946	255	0.397862
10144	255	0.397896
10484	255	0.398002
10485	255	0.398002
10459	255	0.39812
10456	255	0.398168
10464	255	0.398173
11094	255	0.39822
10444	255	0.398258
10469	255	0.398298
11101	255	0.398475
10578	255	0.398497
10140	255	0.398713
10930	255	0.398765
10149	255	0.398776
8782	255	0.398988
10157	255	0.399144
10969	255	0.399371
9108	255	0.399442
10161	255	0.399711
10162	255	0.400223
9059	255	0.40061
9026	255	0.400776
9096	255	0.400813
10227	255	0.401121
10345	255	0.40131
10217	255	0.401324
10334	255	0.401371
10384	255	0.401371
10370	255	0.401474
10389	255	0.401512
10401	255	0.401629
10377	255	0.401659
10372	255	0.40178
9067	255	0.401805
10362	255	0.401805
9084	255	0.401862
8835	255	0.401889
10387	255	0.402307
10406	255	0.402333
10385	255	0.402546
10414	255	0.402598
10436	255	0.402802
10452	255	0.402927
10453	255	0.402937
10584	255	0.402983
10411	255	0.402988
10446	255	0.4031
10481	255	0.403114
10454	255	0.403262
10571	255	0.403381
10465	255	0.403439
10588	255	0.403596
10589	255	0.403718
10567	255	0.403749
10586	255	0.403796
10590	255	0.403879
10575	255	0.403935
10577	255	0.404006
10587	255	0.404009
10448	255	0.404043
10636	255	0.404068
10576	255	0.404079
10483	255	0.404082
10442	255	0.404089
10457	255	0.404098
10438	255	0.40412
10415	255	0.404121
10450	255	0.404167
10440	255	0.404172
10492	255	0.404172
10471	255	0.40424
10489	255	0.404269
10506	255	0.404269
10466	255	0.404303
10472	255	0.404358
10467	255	0.404382
10468	255	0.404387
10518	255	0.40456
10363	255	0.406663
10368	255	0.406722
10381	255	0.406748
10342	255	0.406789
10367	255	0.406853
10365	255	0.406855
10393	255	0.406885
10399	255	0.406948
10396	255	0.406958
10375	255	0.40697
10382	255	0.407188
10376	255	0.40729
9983	255	0.409403
9980	255	0.409412
9930	255	0.409532
9933	255	0.409608
9993	255	0.409657
9973	255	0.409675
9938	255	0.409691
9939	255	0.41031
9642	255	0.412714
9728	255	0.41319
9847	255	0.413202
9793	255	0.413211
9848	255	0.41329
9857	255	0.413329
9855	255	0.413367
9876	255	0.413407
9856	255	0.413421
9111	255	0.420847
10272	255	0.421543
10268	255	0.421665
10301	255	0.421735
10265	255	0.421814
10273	255	0.421841
10277	255	0.422007
10290	255	0.422016
10314	255	0.42222
10275	255	0.422269
10316	255	0.422316
10306	255	0.42234
11081	255	0.422606
8873	255	0.422687
11072	255	0.42273
8883	255	0.422835
8825	255	0.422913
11114	255	0.422958
11136	255	0.422981
11118	255	0.422988
11091	255	0.423105
8885	255	0.423181
8902	255	0.423307
8887	255	0.423329
8901	255	0.423435
8907	255	0.423471
8888	255	0.423489
8889	255	0.423491
8905	255	0.423568
8904	255	0.423576
8921	255	0.423726
8895	255	0.423867
8920	255	0.424004
8896	255	0.424016
8893	255	0.424036
10495	255	0.424066
8788	255	0.424087
10516	255	0.42453
11099	255	0.424657
10517	255	0.424669
10515	255	0.424679
10500	255	0.42469
10519	255	0.424746
10501	255	0.424786
11147	255	0.424799
9413	255	0.424805
11093	255	0.424831
11148	255	0.424865
9420	255	0.424945
9418	255	0.424974
10600	255	0.424975
10520	255	0.424979
9419	255	0.425019
11163	255	0.42507
9423	255	0.425095
11167	255	0.425108
11115	255	0.425129
10502	255	0.425198
11122	255	0.425205
9432	255	0.425222
9429	255	0.425305
11184	255	0.425326
9431	255	0.425337
10503	255	0.425359
11183	255	0.42537
9439	255	0.425412
10529	255	0.425427
9443	255	0.425474
11120	255	0.425534
9446	255	0.425621
11217	255	0.425729
9448	255	0.425764
11218	255	0.425782
9452	255	0.425807
9456	255	0.425859
10522	255	0.425909
9457	255	0.425921
9460	255	0.425949
9463	255	0.426014
9461	255	0.426045
9464	255	0.426127
11117	255	0.426141
9379	255	0.426175
9375	255	0.426182
11128	255	0.426193
9385	255	0.4262
9364	255	0.426204
9398	255	0.42622
9369	255	0.426221
9466	255	0.426245
11199	255	0.426428
11198	255	0.426482
10536	255	0.426877
10635	255	0.426901
10598	255	0.426961
8826	255	0.426995
10538	255	0.427
10537	255	0.427002
8827	255	0.427038
10539	255	0.427125
10559	255	0.427169
10596	255	0.4272
10540	255	0.427248
8832	255	0.427259
10547	255	0.427281
10561	255	0.427418
10562	255	0.427424
10602	255	0.427449
10607	255	0.427475
10597	255	0.427499
10609	255	0.427544
10601	255	0.427578
10555	255	0.427606
8742	255	0.427675
10550	255	0.427729
8974	255	0.427744
10605	255	0.427891
10593	255	0.427942
10135	255	0.427958
9356	255	0.427962
10064	255	0.427981
9430	255	0.427991
9033	255	0.428059
9388	255	0.428063
8838	255	0.428102
9458	255	0.428153
9421	255	0.42817
8992	255	0.428178
10076	255	0.428179
9351	255	0.42819
9410	255	0.428202
8987	255	0.428441
9469	255	0.4285
9427	255	0.428511
9487	255	0.428636
9005	255	0.428681
10603	255	0.428706
9497	255	0.428708
9498	255	0.42874
8955	255	0.42877
9496	255	0.428777
9489	255	0.428787
10542	255	0.428791
8988	255	0.428794
9540	255	0.42882
8953	255	0.428836
9531	255	0.428858
9505	255	0.42888
10563	255	0.428922
9501	255	0.428954
9015	255	0.429039
9045	255	0.42909
10534	255	0.42911
9001	255	0.429128
9047	255	0.429155
10558	255	0.429194
9564	255	0.429225
8676	255	0.429278
10679	255	0.429291
10549	255	0.429332
9576	255	0.429396
8775	255	0.429505
10678	255	0.429509
10675	255	0.429519
9580	255	0.429527
8748	255	0.429555
10668	255	0.429612
8673	255	0.429632
10665	255	0.429681
10533	255	0.429698
10666	255	0.429772
10664	255	0.429782
10672	255	0.429847
10154	255	0.43029
10167	255	0.430296
10700	255	0.430357
10156	255	0.430385
10174	255	0.430387
10690	255	0.430387
10176	255	0.430482
10151	255	0.430526
10701	255	0.43054
10160	255	0.430556
10687	255	0.430565
10643	255	0.430571
10673	255	0.430596
10705	255	0.430617
10647	255	0.430672
10691	255	0.43072
10693	255	0.430769
10168	255	0.430783
10166	255	0.430786
10670	255	0.430831
8791	255	0.43095
10685	255	0.431008
10191	255	0.431024
10177	255	0.431032
8792	255	0.431141
10196	255	0.431228
10184	255	0.431285
10198	255	0.431315
10186	255	0.431363
10204	255	0.431366
10206	255	0.431429
10210	255	0.431507
8809	255	0.431517
10193	255	0.431582
10199	255	0.431605
10319	255	0.43163
10201	255	0.431647
10197	255	0.43167
10321	255	0.431716
10299	255	0.431782
10215	255	0.431783
10324	255	0.431783
10570	255	0.431849
10252	255	0.43188
9996	255	0.431893
10259	255	0.431893
10286	255	0.431958
9226	255	0.431974
10010	255	0.432052
10634	255	0.432066
10627	255	0.432107
10566	255	0.432123
10005	255	0.432148
10624	255	0.432182
10572	255	0.432193
10622	255	0.432196
10632	255	0.432211
10633	255	0.43222
10579	255	0.432261
10629	255	0.432264
10628	255	0.432284
10630	255	0.43229
9350	255	0.432291
10631	255	0.4323
9348	255	0.432332
10568	255	0.43234
9354	255	0.432376
10637	255	0.4324
10640	255	0.432402
10625	255	0.432461
10611	255	0.432481
10619	255	0.432492
10580	255	0.432499
11220	255	0.432503
10653	255	0.432548
9606	255	0.432556
9611	255	0.432573
9322	255	0.432577
10620	255	0.432591
10649	255	0.432594
10612	255	0.4326
9378	255	0.432621
11214	255	0.432644
10680	255	0.43265
9346	255	0.432655
10621	255	0.432664
11226	255	0.432679
11225	255	0.432693
9236	255	0.432729
9352	255	0.432739
9347	255	0.432766
10616	255	0.432793
10617	255	0.432814
10667	255	0.432838
10692	255	0.432891
10683	255	0.432964
10644	255	0.433005
9616	255	0.433038
9618	255	0.433091
10613	255	0.433183
9697	255	0.433189
10657	255	0.433288
9701	255	0.433289
9621	255	0.433311
10655	255	0.433384
10652	255	0.433461
10663	255	0.433462
11205	255	0.433495
9709	255	0.433515
10654	255	0.433533
10660	255	0.433546
10651	255	0.433547
9722	255	0.433942
10656	255	0.434155
10702	255	0.434163
10661	255	0.434239
9707	255	0.435234
9734	255	0.435329
9665	255	0.435673
9732	255	0.435726
9739	255	0.436367
9831	255	0.436654
9823	255	0.436712
9842	255	0.436787
9752	255	0.437209
9165	255	0.443941
9166	255	0.444292
9125	255	0.447308
9151	255	0.449364
11223	255	0.454202
9172	255	0.45429
9176	255	0.454419
9187	255	0.45469
9183	255	0.454766
11172	255	0.45481
11171	255	0.454824
8620	255	0.454851
9200	255	0.454937
9197	255	0.454979
9203	255	0.45498
11178	255	0.455005
9204	255	0.455059
9965	255	0.455109
9942	255	0.455129
11182	255	0.455132
9212	255	0.455151
9210	255	0.455176
11166	255	0.455189
9917	255	0.45521
9925	255	0.455228
9208	255	0.455233
9919	255	0.455247
9216	255	0.455277
9929	255	0.455285
9206	255	0.455295
9211	255	0.455298
9219	255	0.455341
9924	255	0.455349
9954	255	0.455358
9218	255	0.455367
9913	255	0.455374
9894	255	0.455379
9986	255	0.455383
9916	255	0.455394
9952	255	0.455396
11304	255	0.455421
9978	255	0.455449
11301	255	0.455473
9981	255	0.455498
9227	255	0.45551
11197	255	0.455531
10004	255	0.45557
9909	255	0.45562
9961	255	0.455626
11210	255	0.455632
9205	255	0.455692
9202	255	0.455838
9223	255	0.455856
9185	255	0.45588
11328	255	0.455899
11191	255	0.45594
9971	255	0.455945
9198	255	0.455961
8651	255	0.45599
11282	255	0.455991
9974	255	0.456001
9220	255	0.456078
11295	255	0.456144
11331	255	0.456166
10007	255	0.456174
11193	255	0.45621
11202	255	0.456263
9177	255	0.456326
11290	255	0.45635
9170	255	0.456386
11308	255	0.456386
9173	255	0.456454
9975	255	0.456511
9182	255	0.456541
9174	255	0.456575
8699	255	0.456578
11316	255	0.456584
11339	255	0.456611
9178	255	0.456622
11196	255	0.456649
8956	255	0.456655
9189	255	0.456679
9967	255	0.456699
9188	255	0.456702
11206	255	0.456794
11190	255	0.456815
8672	255	0.456831
11310	255	0.456882
9186	255	0.457001
11303	255	0.457051
11332	255	0.457067
9193	255	0.457187
11293	255	0.457343
9231	255	0.457567
9232	255	0.457608
9237	255	0.457726
9239	255	0.457757
10642	255	0.457805
10706	255	0.457816
9240	255	0.457839
9263	255	0.457881
10641	255	0.457903
9258	255	0.457905
9254	255	0.457973
9275	255	0.457973
10639	255	0.457977
10708	255	0.458017
9332	255	0.458039
10709	255	0.458125
10713	255	0.458242
10712	255	0.458256
10718	255	0.458327
10728	255	0.458389
10734	255	0.45847
10723	255	0.458497
10731	255	0.458499
10735	255	0.458537
10743	255	0.458559
10747	255	0.458641
10750	255	0.458677
10745	255	0.458698
10749	255	0.458707
10754	255	0.45873
10758	255	0.458845
10757	255	0.458891
10681	255	0.458988
10751	255	0.459019
10761	255	0.459027
9765	255	0.459033
9852	255	0.459093
9861	255	0.459159
9860	255	0.45916
9902	255	0.459202
9849	255	0.459232
9862	255	0.459277
10738	255	0.4593
10737	255	0.459318
10766	255	0.459324
9725	255	0.459355
10730	255	0.459405
10784	255	0.45943
10777	255	0.45945
9798	255	0.459473
10779	255	0.459498
10733	255	0.459522
10783	255	0.459586
10714	255	0.459621
10787	255	0.459743
10782	255	0.459763
10786	255	0.459771
10741	255	0.459774
10716	255	0.459845
11228	255	0.459974
10721	255	0.460282
10771	255	0.460386
10729	255	0.460467
10767	255	0.460538
11234	255	0.460607
10774	255	0.46062
10790	255	0.460645
10724	255	0.46067
10768	255	0.460677
10638	255	0.46068
11238	255	0.460916
8702	255	0.46104
11255	255	0.461217
11250	255	0.461405
11368	255	0.461462
11378	255	0.461529
11369	255	0.461655
11362	255	0.462161
11249	255	0.462497
11363	255	0.46252
11294	255	0.462542
11251	255	0.462666
11306	255	0.46296
11265	255	0.463061
11436	255	0.463411
11375	255	0.463447
10927	255	0.463597
10830	255	0.463678
10852	255	0.46403
10914	255	0.464074
10854	255	0.46409
10864	255	0.464116
10870	255	0.464127
10866	255	0.464139
10867	255	0.464139
10970	255	0.464142
10862	255	0.464144
10918	255	0.464154
10861	255	0.464155
10976	255	0.464174
10926	255	0.464176
10855	255	0.464191
10868	255	0.464195
10857	255	0.464197
10978	255	0.464395
10975	255	0.464496
10863	255	0.464618
10858	255	0.465174
11342	255	0.483596
11240	255	0.483725
11354	255	0.483782
11357	255	0.486955
10798	255	0.487084
10796	255	0.487139
10795	255	0.487213
10791	255	0.487236
10811	255	0.487321
10792	255	0.487327
10810	255	0.48736
10812	255	0.48736
10814	255	0.487429
10815	255	0.487506
10813	255	0.487524
10817	255	0.487763
10823	255	0.487822
10878	255	0.487953
10874	255	0.487967
10835	255	0.488066
10886	255	0.488103
10865	255	0.488206
10881	255	0.488213
10902	255	0.488224
10845	255	0.488231
10804	255	0.488315
10856	255	0.488325
10897	255	0.488338
10844	255	0.488345
10910	255	0.488376
10839	255	0.488501
10946	255	0.488683
10949	255	0.488699
10816	255	0.488712
10906	255	0.488803
10908	255	0.489251
10945	255	0.489311
10941	255	0.489459
10938	255	0.489577
10841	255	0.489587
10919	255	0.489591
10933	255	0.489641
10963	255	0.489768
8858	255	0.489785
10833	255	0.489799
10962	255	0.489996
10917	255	0.490149
10950	255	0.490194
10916	255	0.490219
8741	255	0.490284
8784	255	0.490403
10920	255	0.490435
8836	255	0.490507
10967	255	0.490529
8814	255	0.490722
9551	255	0.490845
10943	255	0.490956
10959	255	0.490992
10924	255	0.491017
8868	255	0.491018
10960	255	0.49107
8820	255	0.491129
9095	255	0.49115
11428	255	0.491159
8856	255	0.491364
8855	255	0.491423
8794	255	0.491435
8789	255	0.491474
8849	255	0.491512
8848	255	0.49152
8822	255	0.49152
11398	255	0.491541
8796	255	0.491542
8795	255	0.491548
11413	255	0.491605
11408	255	0.491739
11407	255	0.491792
11449	255	0.491813
10873	255	0.491839
10875	255	0.491887
10984	255	0.49189
11453	255	0.491923
10985	255	0.491938
8790	255	0.49194
11458	255	0.491969
9113	255	0.492042
11463	255	0.492064
10872	255	0.492082
10876	255	0.492085
9098	255	0.492093
11457	255	0.492097
11469	255	0.492108
10988	255	0.492114
11464	255	0.492115
10877	255	0.49218
10882	255	0.492184
10990	255	0.492219
11467	255	0.492252
10884	255	0.492256
9118	255	0.492273
9085	255	0.492339
10992	255	0.492353
10827	255	0.492367
10995	255	0.492392
9107	255	0.492401
10997	255	0.49247
10893	255	0.49249
11477	255	0.492515
9119	255	0.492524
10999	255	0.492557
10896	255	0.492563
9122	255	0.4926
9128	255	0.492622
10900	255	0.492657
10883	255	0.492703
10904	255	0.492715
10903	255	0.492738
9135	255	0.492765
10885	255	0.492804
9124	255	0.492846
11401	255	0.492859
11355	255	0.492868
9137	255	0.492877
9123	255	0.4929
10991	255	0.492916
8829	255	0.492997
9451	255	0.493068
8804	255	0.493115
9455	255	0.493176
8805	255	0.493186
11434	255	0.493191
11448	255	0.493241
10888	255	0.493257
8828	255	0.493278
10996	255	0.493393
9061	255	0.493402
8833	255	0.49345
10895	255	0.49346
11473	255	0.493478
11460	255	0.493487
11468	255	0.493492
11437	255	0.49355
10892	255	0.493684
9441	255	0.493708
8740	255	0.493722
10994	255	0.494202
9479	255	0.494273
9537	255	0.494291
9509	255	0.494475
11000	255	0.494616
10898	255	0.494711
8951	255	0.49488
10993	255	0.49488
9063	255	0.49496
10998	255	0.494973
8909	255	0.495072
10887	255	0.495206
8937	255	0.495537
9274	255	0.499989
8802	255	0.500327
8808	255	0.501003
8806	255	0.501158
8857	255	0.501174
8642	255	0.501868
8800	255	0.507554
8834	255	0.507568
8831	255	0.508704
8830	255	0.508872
8803	255	0.51217
8600	255	0.513654
8688	255	0.515592
8701	255	0.51583
8657	255	0.516288
8971	255	0.516311
10932	255	0.516906
10931	255	0.517006
10928	255	0.517021
11002	255	0.517042
11004	255	0.517063
11007	255	0.517119
11006	255	0.517165
10937	255	0.517271
11005	255	0.517316
10935	255	0.517324
11010	255	0.517345
11009	255	0.517368
10936	255	0.517623
11011	255	0.517665
11036	255	0.517976
11056	255	0.518011
11054	255	0.518043
11073	255	0.518161
11064	255	0.518214
11069	255	0.518273
11082	255	0.518336
11080	255	0.518339
11049	255	0.518389
11100	255	0.518469
11086	255	0.518526
11107	255	0.518536
11068	255	0.518596
11092	255	0.518702
11062	255	0.518861
11063	255	0.518901
11060	255	0.519332
9822	255	0.519452
9812	255	0.519503
9828	255	0.519669
9808	255	0.519675
11484	255	0.519765
9838	255	0.519786
9832	255	0.519838
9844	255	0.520038
11493	255	0.52004
11502	255	0.520145
11495	255	0.520203
11487	255	0.520286
8621	255	0.520379
9006	255	0.520582
9043	255	0.520654
9014	255	0.520774
9046	255	0.520943
8624	255	0.521149
8668	255	0.521196
9627	255	0.521243
9626	255	0.521247
11509	255	0.521261
9601	255	0.521344
9628	255	0.521403
9630	255	0.521452
8649	255	0.521707
11501	255	0.521801
11586	255	0.521809
8619	255	0.521865
11488	255	0.522149
9252	255	0.522303
8665	255	0.522359
9287	255	0.522509
8662	255	0.522569
9298	255	0.522744
8755	255	0.522793
11490	255	0.522825
9301	255	0.522931
9233	255	0.523143
9229	255	0.523209
9245	255	0.52324
11139	255	0.523246
11141	255	0.523264
11133	255	0.523268
9235	255	0.52328
11135	255	0.523284
9209	255	0.52331
11137	255	0.523329
9247	255	0.523355
11144	255	0.523383
11140	255	0.523435
11146	255	0.523446
9246	255	0.523966
9253	255	0.524034
9250	255	0.524052
9251	255	0.524127
9241	255	0.524246
9256	255	0.524311
11129	255	0.524346
9334	255	0.524419
9234	255	0.524491
8625	255	0.524497
9335	255	0.52456
9336	255	0.524579
9331	255	0.524597
9264	255	0.524604
9340	255	0.524613
9337	255	0.52464
9265	255	0.52465
9319	255	0.524665
9339	255	0.524725
9305	255	0.524769
9342	255	0.52477
9341	255	0.524805
9344	255	0.52484
9353	255	0.524902
9308	255	0.524917
9303	255	0.52492
9343	255	0.524929
9268	255	0.524986
9345	255	0.525007
9272	255	0.525017
9317	255	0.525105
9311	255	0.525146
8599	255	0.525158
9324	255	0.525177
9278	255	0.52521
9328	255	0.52523
9281	255	0.525295
9282	255	0.525382
9283	255	0.525695
8644	255	0.525753
9383	255	0.52623
9358	255	0.526231
9376	255	0.52651
9367	255	0.526796
9384	255	0.52681
9382	255	0.526928
9179	255	0.526936
9175	255	0.527024
9371	255	0.527299
8627	255	0.527471
9249	255	0.527744
8683	255	0.528426
8685	255	0.529408
8728	255	0.529458
8686	255	0.529801
8704	255	0.52984
8738	255	0.529852
8712	255	0.530038
8650	255	0.535987
8661	255	0.536258
8671	255	0.537405
8681	255	0.537962
8629	255	0.539437
8628	255	0.540099
8733	255	0.540756
11070	255	0.54319
11111	255	0.54324
11121	255	0.543524
8670	255	0.543935
11074	255	0.544081
11130	255	0.5441
11127	255	0.544229
11145	255	0.544296
11076	255	0.544347
11088	255	0.544504
11075	255	0.544615
11125	255	0.544689
11134	255	0.544705
11143	255	0.544754
8626	255	0.545463
9713	255	0.545586
8682	255	0.545588
9717	255	0.54566
8680	255	0.545896
11104	255	0.545922
8614	255	0.545923
11158	255	0.546015
11153	255	0.54608
11160	255	0.546125
11109	255	0.546193
11170	255	0.546215
11551	255	0.546293
11173	255	0.54631
11180	255	0.546344
11123	255	0.546489
11525	255	0.546583
11186	255	0.546585
11164	255	0.546637
11553	255	0.546641
11194	255	0.546661
11535	255	0.546694
11557	255	0.546694
11536	255	0.546738
11527	255	0.546774
11533	255	0.546778
11132	255	0.546804
11530	255	0.54685
11195	255	0.546854
11168	255	0.546858
11539	255	0.546915
11176	255	0.546916
11203	255	0.546932
11208	255	0.546999
11215	255	0.547034
11102	255	0.547089
9261	255	0.547208
9266	255	0.547266
11188	255	0.547299
11212	255	0.547512
9296	255	0.547549
9290	255	0.547678
8727	255	0.547684
9291	255	0.547744
9293	255	0.547781
9302	255	0.547803
11201	255	0.547818
8713	255	0.547825
9297	255	0.54791
11175	255	0.547918
11152	255	0.547965
9304	255	0.548032
9299	255	0.548169
9757	255	0.548256
8669	255	0.548779
9307	255	0.549033
9315	255	0.549273
11162	255	0.549285
9309	255	0.54939
11169	255	0.549487
11200	255	0.549503
9329	255	0.549521
9323	255	0.549567
9327	255	0.54961
11207	255	0.549649
11185	255	0.549825
11216	255	0.549854
8664	255	0.54995
11213	255	0.55002
11322	255	0.550085
11177	255	0.550154
11296	255	0.550282
11222	255	0.550349
11286	255	0.550383
11287	255	0.550546
11291	255	0.550715
11324	255	0.550838
11219	255	0.550958
11337	255	0.550967
11313	255	0.551077
11315	255	0.551158
11307	255	0.551317
11327	255	0.551364
11336	255	0.551413
11149	255	0.551583
11150	255	0.551662
11154	255	0.551853
11157	255	0.55187
11151	255	0.551906
11230	255	0.552301
11239	255	0.55231
11229	255	0.552331
11227	255	0.552389
11159	255	0.552471
11247	255	0.552481
11259	255	0.552501
11242	255	0.552518
11236	255	0.552522
11253	255	0.552566
11235	255	0.552599
11233	255	0.552647
11181	255	0.552687
11278	255	0.552835
11241	255	0.552912
11161	255	0.55292
11261	255	0.552976
11254	255	0.55304
11267	255	0.55305
11245	255	0.553109
11256	255	0.553123
11273	255	0.553189
11275	255	0.553189
11266	255	0.553235
11155	255	0.553327
11269	255	0.553619
11272	255	0.553739
11262	255	0.55411
11277	255	0.554981
11248	255	0.555451
9582	255	0.556507
9581	255	0.55656
9579	255	0.556566
9586	255	0.556579
9583	255	0.556587
9568	255	0.556592
9575	255	0.556676
9565	255	0.55677
9577	255	0.556904
10028	255	0.563399
10029	255	0.563422
10032	255	0.563593
10026	255	0.563623
10027	255	0.563665
10103	255	0.563692
10107	255	0.56373
10024	255	0.563733
11231	255	0.577664
11343	255	0.577893
11237	255	0.578156
11345	255	0.578157
11348	255	0.578215
11232	255	0.57824
11349	255	0.578258
11351	255	0.578319
11284	255	0.578432
11285	255	0.578455
11292	255	0.578501
11289	255	0.578508
11252	255	0.578595
11365	255	0.578793
11371	255	0.578892
11246	255	0.578944
11380	255	0.578975
11360	255	0.579047
11318	255	0.579532
11257	255	0.579802
11302	255	0.5799
11429	255	0.580006
11283	255	0.580149
11423	255	0.580195
11317	255	0.580287
11319	255	0.580428
11325	255	0.581024
11373	255	0.581189
11314	255	0.58121
11425	255	0.581232
11358	255	0.581558
9130	255	0.581752
10507	255	0.582983
10595	255	0.583323
9508	255	0.58355
9507	255	0.583645
9526	255	0.583715
9523	255	0.583726
10348	255	0.583785
9528	255	0.583817
9524	255	0.583832
9535	255	0.583925
9536	255	0.584077
10346	255	0.584106
10328	255	0.584246
10318	255	0.584291
10323	255	0.584768
10349	255	0.585097
10340	255	0.585829
10350	255	0.585854
10352	255	0.585921
10320	255	0.587041
10014	255	0.587084
10017	255	0.587163
10390	255	0.587362
10398	255	0.587475
10508	255	0.587615
9724	255	0.587678
9802	255	0.587696
9787	255	0.587715
9766	255	0.587719
9784	255	0.587732
9797	255	0.587758
9772	255	0.587766
9773	255	0.587798
9789	255	0.587799
9794	255	0.587816
9867	255	0.588002
9720	255	0.588021
9870	255	0.58804
9998	255	0.588075
9781	255	0.588076
9872	255	0.588129
9609	255	0.588143
9762	255	0.58833
10509	255	0.589007
10510	255	0.589164
9985	255	0.589724
9968	255	0.589725
10118	255	0.590102
10474	255	0.591112
10591	255	0.592837
10585	255	0.593443
10582	255	0.59359
11439	255	0.607374
10302	255	0.608076
11389	255	0.608214
11346	255	0.608229
10045	255	0.608242
9948	255	0.608419
11395	255	0.608498
11432	255	0.608502
11430	255	0.60851
10050	255	0.608562
10122	255	0.608587
11410	255	0.608668
10123	255	0.608702
11442	255	0.608726
10313	255	0.608747
10127	255	0.608775
10513	255	0.608836
11353	255	0.608914
10511	255	0.608938
10077	255	0.608965
11450	255	0.608978
11422	255	0.60899
11451	255	0.609008
11454	255	0.609018
10078	255	0.609041
11347	255	0.609041
11456	255	0.60905
11462	255	0.609114
11459	255	0.609117
11465	255	0.609177
11475	255	0.609302
11476	255	0.609304
10496	255	0.609333
11478	255	0.609369
11479	255	0.609405
11481	255	0.609419
10523	255	0.609855
10521	255	0.609914
10475	255	0.609943
10524	255	0.609971
11424	255	0.610015
11421	255	0.610119
11399	255	0.610198
11435	255	0.610225
11471	255	0.610388
11402	255	0.610398
11588	255	0.610429
11447	255	0.610456
9994	255	0.610476
11485	255	0.610479
11403	255	0.61048
11404	255	0.610497
11589	255	0.610509
11276	255	0.610522
11491	255	0.610554
11472	255	0.61057
9744	255	0.610705
11503	255	0.61073
11440	255	0.610731
11396	255	0.610751
10030	255	0.610764
11445	255	0.610778
11441	255	0.610807
10525	255	0.610812
9745	255	0.610814
10100	255	0.610875
10031	255	0.610876
9747	255	0.61095
9675	255	0.611113
10022	255	0.611169
10023	255	0.611194
10098	255	0.611225
9742	255	0.611236
9677	255	0.611249
9833	255	0.61134
9678	255	0.611376
10106	255	0.611387
9859	255	0.611389
9834	255	0.611431
9774	255	0.611433
9869	255	0.611466
11466	255	0.611504
9886	255	0.611545
9680	255	0.611586
9679	255	0.611619
9754	255	0.611635
10097	255	0.611671
9682	255	0.611674
9836	255	0.611695
11585	255	0.611983
9042	255	0.612011
9018	255	0.612061
10110	255	0.612267
10493	255	0.612343
11274	255	0.612484
10574	255	0.612827
11518	255	0.612945
11516	255	0.61297
11537	255	0.612994
11523	255	0.612999
11513	255	0.613004
11538	255	0.613148
11526	255	0.613177
11571	255	0.613187
11534	255	0.613188
11572	255	0.613211
11568	255	0.613233
11567	255	0.61324
11578	255	0.613243
11528	255	0.613246
11574	255	0.613247
11575	255	0.613251
11573	255	0.613263
11590	255	0.613273
11529	255	0.613292
11583	255	0.613307
11470	255	0.613318
11540	255	0.613387
11474	255	0.613415
11576	255	0.613444
11507	255	0.613515
11579	255	0.613581
10497	255	0.613994
11512	255	0.614042
11564	255	0.614055
11515	255	0.614056
11566	255	0.614177
11541	255	0.614179
11520	255	0.614201
11532	255	0.614268
11521	255	0.614279
11543	255	0.614309
11581	255	0.61446
11587	255	0.614482
11565	255	0.614514
11563	255	0.614652
11582	255	0.614654
11482	255	0.614697
11569	255	0.614718
11562	255	0.614813
11577	255	0.614842
11561	255	0.614888
11580	255	0.614897
11570	255	0.615055
10354	255	0.615779
10460	255	0.615808
10505	255	0.617783
10552	255	0.61949
10461	255	0.620922
10473	255	0.621985
10490	255	0.622061
10019	255	0.622684
9850	255	0.626314
9796	255	0.626327
9801	255	0.626501
9721	255	0.627199
10021	255	0.634595
11554	255	0.635238
11559	255	0.635365
11558	255	0.635372
11544	255	0.635431
11547	255	0.635531
11542	255	0.635775
10287	255	0.636047
11483	255	0.637029
11498	255	0.637117
11496	255	0.63726
11504	255	0.637636
11506	255	0.638913
10581	255	0.641238
10477	255	0.641596
10626	255	0.641617
10623	255	0.641644
10615	255	0.641889
10614	255	0.64193
10618	255	0.641982
10658	255	0.642041
8640	255	0.642228
10697	255	0.642375
10676	255	0.642386
10707	255	0.642596
10671	255	0.642606
10659	255	0.642786
10662	255	0.64279
8749	255	0.643332
8811	255	0.643544
8815	255	0.64378
8793	255	0.643836
10688	255	0.643847
10711	255	0.64386
8874	255	0.643867
8819	255	0.643934
8818	255	0.644024
8854	255	0.644218
10205	255	0.64586
8861	255	0.646193
8869	255	0.646201
8810	255	0.646313
9574	255	0.647548
9571	255	0.64761
9584	255	0.647631
9546	255	0.647658
9573	255	0.647708
9585	255	0.647744
9578	255	0.648062
9686	255	0.650011
9702	255	0.650827
9703	255	0.650871
9668	255	0.651967
9718	255	0.652113
9830	255	0.652157
9835	255	0.652171
9667	255	0.652249
9821	255	0.652419
9811	255	0.652457
9711	255	0.652463
9755	255	0.652578
9670	255	0.652719
9681	255	0.652746
9737	255	0.652758
9683	255	0.65278
9751	255	0.652787
9673	255	0.652886
9669	255	0.652907
9671	255	0.652921
9612	255	0.653245
9637	255	0.653587
9650	255	0.653602
9620	255	0.653605
9648	255	0.653697
9647	255	0.653901
9651	255	0.653999
9656	255	0.65401
9695	255	0.654037
9699	255	0.654171
9629	255	0.654244
9633	255	0.654367
9644	255	0.654431
9645	255	0.65445
9624	255	0.65446
9690	255	0.654472
9664	255	0.6545
9663	255	0.654514
9654	255	0.654526
9646	255	0.654532
9691	255	0.654533
9634	255	0.654536
9710	255	0.65511
9658	255	0.655331
9704	255	0.655386
9660	255	0.655523
8689	255	0.667834
8696	255	0.668002
8700	255	0.668184
10000	255	0.670699
9415	255	0.671495
9763	255	0.671986
9858	255	0.672031
9433	255	0.672036
9440	255	0.672204
9863	255	0.672215
9769	255	0.672249
9871	255	0.672269
8751	255	0.672405
9449	255	0.672427
9791	255	0.672441
10800	255	0.672447
9453	255	0.672488
9454	255	0.672615
9761	255	0.672622
9465	255	0.672791
8760	255	0.673684
8758	255	0.673737
8761	255	0.67384
8703	255	0.673899
8756	255	0.673916
8754	255	0.674013
8770	255	0.674232
8752	255	0.674386
8769	255	0.674687
9053	255	0.67494
10859	255	0.675234
9517	255	0.675486
9103	255	0.675641
8743	255	0.675694
8781	255	0.67576
9065	255	0.675863
10828	255	0.675933
9057	255	0.675948
10979	255	0.676003
9101	255	0.676082
9090	255	0.676574
10869	255	0.676653
10820	255	0.6767
10805	255	0.676706
10822	255	0.676721
10807	255	0.676723
10838	255	0.676737
10808	255	0.676839
10847	255	0.676843
10802	255	0.676937
10834	255	0.676947
10829	255	0.67696
10922	255	0.676972
10821	255	0.677164
10971	255	0.677367
8778	255	0.677427
10871	255	0.677432
10842	255	0.677448
10972	255	0.677501
9614	255	0.677566
10853	255	0.677732
9619	255	0.677936
9050	255	0.678438
9049	255	0.678609
9027	255	0.678847
8745	255	0.679088
9055	255	0.679114
8744	255	0.67928
8847	255	0.698139
8871	255	0.698181
8812	255	0.698246
8880	255	0.698544
8881	255	0.698653
8886	255	0.698727
8899	255	0.698798
8877	255	0.698892
8884	255	0.698903
8908	255	0.698915
8870	255	0.698948
8891	255	0.699096
8890	255	0.699155
8914	255	0.699204
8916	255	0.699313
8917	255	0.699461
8915	255	0.699531
8924	255	0.699579
8923	255	0.699689
8912	255	0.69969
8910	255	0.699819
8911	255	0.699876
8867	255	0.70204
8863	255	0.702082
11051	255	0.703042
11057	255	0.70307
11059	255	0.703132
10981	255	0.703403
11103	255	0.703437
10983	255	0.703519
10913	255	0.703636
11089	255	0.703662
11066	255	0.703688
10880	255	0.703847
11048	255	0.70386
10987	255	0.704
11087	255	0.704011
10905	255	0.704032
11097	255	0.704149
10989	255	0.704247
11095	255	0.704359
10951	255	0.704611
10911	255	0.704694
10947	255	0.70474
10889	255	0.7049
10956	255	0.705103
10957	255	0.70516
10891	255	0.705343
10986	255	0.705923
11001	255	0.706494
11012	255	0.706889
11022	255	0.706906
11023	255	0.706911
11027	255	0.706941
11029	255	0.706969
11018	255	0.70697
11025	255	0.706991
11028	255	0.706999
11020	255	0.707005
11015	255	0.707041
11032	255	0.70705
11033	255	0.707055
11037	255	0.707059
11039	255	0.70708
11041	255	0.707085
11047	255	0.707096
11019	255	0.707103
11035	255	0.707112
11030	255	0.707113
11045	255	0.707149
11055	255	0.70715
11024	255	0.70718
11050	255	0.707199
11061	255	0.707218
11040	255	0.707227
11044	255	0.707244
11043	255	0.707278
11021	255	0.707337
11034	255	0.707515
11017	255	0.707538
11016	255	0.707579
9357	255	0.707677
11038	255	0.707893
11031	255	0.708022
11026	255	0.708037
11042	255	0.708365
11013	255	0.709522
9070	255	0.709665
9035	255	0.709809
9074	255	0.709812
8998	255	0.709825
9039	255	0.709829
9068	255	0.70983
9086	255	0.709842
9081	255	0.709859
9034	255	0.709889
9083	255	0.709889
9041	255	0.709939
9031	255	0.709944
8875	255	0.709951
9075	255	0.709964
9087	255	0.709965
8853	255	0.709999
9076	255	0.710028
9091	255	0.710211
9567	255	0.7131
9566	255	0.713127
8860	255	0.715807
8859	255	0.715899
8807	255	0.715911
9164	255	0.723158
8864	255	0.725532
8639	255	0.7267
11071	255	0.727923
11113	255	0.728006
11119	255	0.728033
11084	255	0.728323
11138	255	0.728413
11106	255	0.728421
11131	255	0.728837
11079	255	0.7289
11085	255	0.729114
11078	255	0.729309
11142	255	0.729329
9195	255	0.730202
9196	255	0.73024
11096	255	0.730315
9201	255	0.730379
9207	255	0.730477
11156	255	0.730601
9217	255	0.730649
9224	255	0.73071
9228	255	0.730727
11112	255	0.730828
9225	255	0.73086
11116	255	0.730924
9191	255	0.730952
9116	255	0.73096
9222	255	0.730961
11189	255	0.730976
9215	255	0.731102
8970	255	0.731214
11110	255	0.731421
8993	255	0.731496
11221	255	0.73175
8981	255	0.731941
8983	255	0.732029
9011	255	0.732526
9044	255	0.732543
9019	255	0.732797
9243	255	0.732982
8674	255	0.733418
8690	255	0.734395
8653	255	0.7344
8694	255	0.734401
8720	255	0.734501
8656	255	0.734548
8718	255	0.734589
8722	255	0.734691
8721	255	0.734735
8616	255	0.734745
8622	255	0.735467
8623	255	0.735873
8631	255	0.7371
8708	255	0.737534
8643	255	0.739376
8604	255	0.739474
8684	255	0.739834
8645	255	0.740067
9417	255	0.74014
8663	255	0.740329
8647	255	0.740724
9534	255	0.741024
9541	255	0.741375
8719	255	0.741966
8729	255	0.742226
8711	255	0.742266
8707	255	0.742359
8726	255	0.742388
8731	255	0.742395
8725	255	0.742488
8710	255	0.742657
8706	255	0.742689
8735	255	0.742934
8705	255	0.74313
8759	255	0.74325
8660	255	0.748402
8715	255	0.748436
8655	255	0.748553
8717	255	0.748854
8617	255	0.748891
8659	255	0.748947
8734	255	0.748977
8757	255	0.751424
8723	255	0.753364
8753	255	0.753507
8724	255	0.753682
8768	255	0.756489
8687	255	0.757642
8678	255	0.759077
8767	255	0.759657
8766	255	0.759866
8764	255	0.759923
8765	255	0.759969
8762	255	0.760051
11224	255	0.760071
8709	255	0.760104
8730	255	0.760147
8737	255	0.760209
8736	255	0.760258
8732	255	0.760267
8610	255	0.760592
8654	255	0.760998
10339	255	0.761247
8698	255	0.761269
11174	255	0.761348
8691	255	0.761393
8697	255	0.761395
8675	255	0.761408
8695	255	0.761411
8714	255	0.761605
8679	255	0.761853
9088	255	0.76621
11297	255	0.766745
11361	255	0.767799
9120	255	0.768023
9102	255	0.768151
11359	255	0.768387
11333	255	0.768611
11298	255	0.768643
9100	255	0.768647
9092	255	0.768985
9082	255	0.769052
11330	255	0.769824
9029	255	0.770102
8944	255	0.770131
8931	255	0.770282
8933	255	0.770304
8954	255	0.770558
8936	255	0.770992
8930	255	0.771022
11305	255	0.790911
11312	255	0.791099
11326	255	0.791745
11426	255	0.791766
11433	255	0.791842
11323	255	0.792176
11417	255	0.79243
11356	255	0.792448
11420	255	0.792493
11416	255	0.792633
11390	255	0.792973
11350	255	0.793224
11352	255	0.793289
11427	255	0.794089
11418	255	0.794111
8975	255	0.794829
11392	255	0.794841
11393	255	0.794883
11364	255	0.795057
9851	255	0.795514
9826	255	0.795531
9843	255	0.795544
9819	255	0.795588
11383	255	0.795811
11381	255	0.795876
11379	255	0.795992
11299	255	0.796009
11281	255	0.796041
11376	255	0.796102
11300	255	0.796109
11366	255	0.796112
11446	255	0.796138
11370	255	0.796141
11367	255	0.796157
11344	255	0.796207
11443	255	0.796209
11444	255	0.796251
11372	255	0.796253
11341	255	0.79643
11280	255	0.796446
11338	255	0.79648
11374	255	0.796675
11340	255	0.797732
11334	255	0.798073
11279	255	0.798163
11335	255	0.79818
11386	255	0.798201
11377	255	0.798214
11385	255	0.798222
9242	255	0.798514
9817	255	0.799111
9818	255	0.799125
9814	255	0.799364
9813	255	0.799693
9552	255	0.799737
9809	255	0.799777
9607	255	0.799782
9279	255	0.800179
9038	255	0.80082
9073	255	0.800851
9080	255	0.800877
9362	255	0.800945
9381	255	0.800969
9036	255	0.801058
9030	255	0.801086
9380	255	0.801192
9000	255	0.801237
9077	255	0.801243
9366	255	0.801277
9374	255	0.801399
9370	255	0.801412
9368	255	0.801719
9373	255	0.802238
9260	255	0.802356
9377	255	0.802533
9386	255	0.802905
9363	255	0.803012
9365	255	0.803137
9106	255	0.803354
9360	255	0.803387
9071	255	0.803749
9625	255	0.820788
11492	255	0.821015
11514	255	0.822063
11531	255	0.822108
11511	255	0.822202
11455	255	0.822207
11510	255	0.822248
11517	255	0.822256
11505	255	0.822328
9024	255	0.822852
11519	255	0.823149
11489	255	0.823155
9892	255	0.823436
11480	255	0.823625
9518	255	0.823983
9002	255	0.824207
9010	255	0.824315
9525	255	0.824578
9530	255	0.824705
9333	255	0.824717
9547	255	0.824843
8776	255	0.826028
8746	255	0.8264
8780	255	0.82647
9105	255	0.827369
9025	255	0.827701
8997	255	0.827839
9060	255	0.828171
9062	255	0.828348
9021	255	0.82939
9023	255	0.829601
9022	255	0.829725
9054	255	0.829853
8866	255	0.830959
9056	255	0.83142
9093	255	0.831447
8927	255	0.836501
8999	255	0.836638
8963	255	0.836641
8925	255	0.83672
8952	255	0.836753
8995	255	0.83677
8960	255	0.836813
9007	255	0.836856
8962	255	0.836932
8959	255	0.837031
8957	255	0.8371
10082	255	0.838817
10088	255	0.83921
10108	255	0.839251
10083	255	0.839308
11524	255	0.8465
11522	255	0.846519
8989	255	0.846772
9009	255	0.846827
9032	255	0.846874
11555	255	0.846888
9048	255	0.847142
11550	255	0.847326
11452	255	0.847417
8785	255	0.850112
8824	255	0.850537
8816	255	0.850924
8879	255	0.851007
8906	255	0.851016
8900	255	0.851069
8876	255	0.851117
8892	255	0.851298
8903	255	0.851342
8922	255	0.851555
8941	255	0.851659
8913	255	0.851795
8945	255	0.851829
8862	255	0.853376
9052	255	0.85758
10251	255	0.857615
10104	255	0.85808
9064	255	0.858087
10001	255	0.86313
9997	255	0.863387
10119	255	0.864569
9988	255	0.867943
10113	255	0.867954
9987	255	0.867994
10087	255	0.868052
10084	255	0.86806
10092	255	0.86813
10099	255	0.868138
10102	255	0.868235
10096	255	0.868239
10091	255	0.868281
8964	255	0.87617
10300	255	0.883447
10044	255	0.884312
10085	255	0.886411
10095	255	0.886659
10090	255	0.886788
10033	255	0.886957
9840	255	0.886989
10494	255	0.887067
10035	255	0.887104
10037	255	0.88714
10089	255	0.887154
9890	255	0.88722
10036	255	0.887273
10101	255	0.887274
10111	255	0.887331
10093	255	0.88736
10086	255	0.887368
10034	255	0.887379
10114	255	0.887391
10112	255	0.887462
10043	255	0.887486
10040	255	0.887492
10038	255	0.887525
9898	255	0.887566
10039	255	0.887568
10041	255	0.887597
10042	255	0.887628
9608	255	0.887738
10498	255	0.88797
9594	255	0.890083
9592	255	0.890146
9662	255	0.890718
9816	255	0.891189
9815	255	0.891407
9078	255	0.891959
8777	255	0.892041
9072	255	0.892064
9089	255	0.892138
9079	255	0.892159
10504	255	0.894147
8783	255	0.894575
10556	255	0.894859
9141	255	0.897199
9142	255	0.897422
9139	255	0.897431
9145	255	0.89746
9146	255	0.897486
9144	255	0.897488
9147	255	0.897553
9150	255	0.8976
9149	255	0.89761
9153	255	0.897616
9155	255	0.897684
9152	255	0.897707
9157	255	0.897718
9160	255	0.897812
9162	255	0.897879
9156	255	0.897928
9163	255	0.897932
9004	255	0.898095
8978	255	0.898412
10094	255	0.904083
9949	255	0.90416
9950	255	0.904357
8779	255	0.908121
8747	255	0.908343
8798	255	0.908561
8739	255	0.909144
10025	255	0.910576
9425	255	0.912923
9121	255	0.912954
9428	255	0.912992
9435	255	0.913134
9442	255	0.913151
9459	255	0.913691
9467	255	0.913725
9404	255	0.913909
9355	255	0.914492
9359	255	0.914634
9238	255	0.914913
9800	255	0.915262
9803	255	0.915431
9544	255	0.916275
9400	255	0.916495
9401	255	0.916556
9399	255	0.916572
9295	255	0.91664
9402	255	0.916643
9407	255	0.916691
9403	255	0.916693
9294	255	0.916708
8872	255	0.916751
9300	255	0.916786
9405	255	0.916799
9406	255	0.916825
9411	255	0.916854
9414	255	0.916857
9409	255	0.916879
9408	255	0.916896
9412	255	0.916993
8898	255	0.917067
8919	255	0.917648
8894	255	0.917843
10961	255	0.921581
10921	255	0.92189
8935	255	0.922638
10966	255	0.922658
10977	255	0.922717
8958	255	0.922739
8961	255	0.922781
10974	255	0.922792
10973	255	0.922961
10925	255	0.923142
10958	255	0.923172
8965	255	0.923194
9543	255	0.923819
9556	255	0.923865
9555	255	0.923934
9553	255	0.924183
9879	255	0.927594
8786	255	0.931699
8994	255	0.936148
9806	255	0.937719
9805	255	0.937842
9790	255	0.938187
9786	255	0.938341
9783	255	0.93842
9778	255	0.938506
9782	255	0.938541
9028	255	0.939955
9631	255	0.940989
9730	255	0.942309
10128	255	0.946502
10980	255	0.949888
10982	255	0.950002
10879	255	0.950366
10907	255	0.950652
9989	255	0.950819
10901	255	0.950827
10899	255	0.95093
10081	255	0.951169
10109	255	0.951375
10105	255	0.951394
9991	255	0.951503
9613	255	0.95276
9632	255	0.953571
9635	255	0.953754
9698	255	0.954241
9694	255	0.954537
9610	255	0.955237
9684	255	0.955302
9689	255	0.955373
9605	255	0.955508
9693	255	0.955549
9661	255	0.95575
9741	255	0.956268
8991	255	0.957068
9003	255	0.957192
8939	255	0.96139
8940	255	0.961548
8943	255	0.961559
8969	255	0.961614
8950	255	0.961666
8942	255	0.961677
8972	255	0.961815
8929	255	0.961824
8976	255	0.961878
8946	255	0.961888
8979	255	0.961912
8947	255	0.96192
8948	255	0.961941
8926	255	0.962012
8949	255	0.962062
8986	255	0.962067
8982	255	0.962135
8928	255	0.96219
8985	255	0.962508
11124	255	0.975819
11108	255	0.977303
11105	255	0.977574
11192	255	0.977924
11098	255	0.977932
9447	255	0.980651
9569	255	0.981766
9503	255	0.981825
9271	255	0.982083
9159	255	0.985601
9138	255	0.986092
9394	255	0.986339
9393	255	0.986552
9392	255	0.986672
9391	255	0.98679
9396	255	0.986875
9397	255	0.98702
9389	255	0.987539
9390	255	0.987671
9387	255	0.987993
8932	255	0.988837
8938	255	0.989225
9037	255	0.990706
9314	255	1.005297
9338	255	1.006371
9349	255	1.007293
11309	255	1.00804
9596	255	1.008275
11431	255	1.008738
11329	255	1.009866
9069	255	1.010585
11263	255	1.011512
11264	255	1.011532
11387	255	1.01155
11271	255	1.01156
11394	255	1.011596
11268	255	1.011607
11384	255	1.01163
11388	255	1.01163
11391	255	1.011634
11405	255	1.011717
11311	255	1.011746
11409	255	1.011811
11412	255	1.011898
11414	255	1.012469
11411	255	1.012621
11419	255	1.012651
11400	255	1.012739
11258	255	1.012748
11415	255	1.01291
11320	255	1.012955
9058	255	1.013
11406	255	1.013096
11397	255	1.013131
9099	255	1.013509
11260	255	1.013512
11270	255	1.013568
9094	255	1.013637
11382	255	1.013723
9097	255	1.013735
10015	255	1.019015
9799	255	1.03022
9795	255	1.030244
9792	255	1.030497
9777	255	1.030965
9776	255	1.031052
11438	255	1.035829
11508	255	1.038198
11500	255	1.039055
11499	255	1.041561
11461	255	1.042814
11497	255	1.043127
11494	255	1.066896
11584	255	1.068533
9785	255	1.071197
10428	255	1.072881
10426	255	1.072993
9649	255	1.073038
10431	255	1.073109
9659	255	1.073169
9652	255	1.073202
10417	255	1.073203
9685	255	1.073227
10445	255	1.073228
9657	255	1.073252
9636	255	1.073253
9700	255	1.073293
9655	255	1.073349
9653	255	1.073423
9687	255	1.073519
9696	255	1.073585
9688	255	1.073594
9692	255	1.073597
9733	255	1.074256
9554	255	1.080794
8990	255	1.08228
9992	255	1.098645
10011	255	1.101128
10080	255	1.101972
11486	255	1.342684
11560	255	1.343734
11552	255	1.343963
11549	255	1.344081
11545	255	1.345139
11548	255	1.345338
11556	255	1.345496
11546	255	1.345587
